split,accuracy,macro_f1,weighted_f1,down_f1,flat_f1,up_f1
validation,0.4036720902145445,0.3935095291405592,0.4058346436818938,0.3696758946381103,0.3493378494683362,0.4615148433152309
test,0.389713483975779,0.3685188736718252,0.3858604234942734,0.367928674577761,0.2783461344045377,0.4592818120331767
