model,split,accuracy,macro_f1,weighted_f1,down_f1,flat_f1,up_f1
Weighted GRU,validation,0.4036720902145445,0.3935095291405592,0.4058346436818938,0.3696758946381103,0.3493378494683362,0.4615148433152309
Logistic Regression,validation,0.4343333333333333,0.3226398103035441,0.3678949322468458,,,
LSTM,validation,0.4391689622884748,0.3150789446258134,0.3571461819600902,0.1226564345591341,0.2333121772721218,0.5892682220461843
RNN,validation,0.4454031021427311,0.2950987831419325,0.3420004889144619,0.0773887129819333,0.2059067254466505,0.6020009109972136
Random Forest,validation,0.4449583333333333,0.2938830064261873,0.3440214692512549,,,
Majority Class,validation,0.446325,0.2057283114099528,0.2754650657701415,,,
